run_id,scene,resolution,model_type,draw_method,msaa,vsync,mip_bias,mip_modulation,log_p_min,fps_avg,fps_max,frame_time_avg_ms,frame_e2e_avg_ms,projection_avg_ms,rendering_avg_ms,visible_ratio_avg,total_splats,gpu_util_avg,gpu_util_max,vram_used_avg_mib,vram_used_max_mib,power_avg_w,power_max_w
bicycle_triangles_raygs_1280x720_msaa-off_mip-0_0_20260618-115221_cam-41_dolly-0_0,bicycle,1280x720,raygs,triangles,1,off,0,on,-4,711.2754,734.8430,1.4060,1.3564,0.5790,0.3849,20.5878,6131954,90.1579,100.0000,2560.6842,4042.0000,230.1147,258.2700
bicycle_triangles_raygs_1280x720_msaa-off_mip-0_0_20260618-115240_cam-78_dolly-0_0,bicycle,1280x720,raygs,triangles,1,off,0,on,-4,566.7160,587.1020,1.7649,1.7218,0.7853,0.4790,28.1197,6131954,89.5789,100.0000,2559.1579,4039.0000,223.1884,255.0800
bicycle_triangles_raygs_1280x720_msaa-off_mip-0_0_20260618-115259_cam-129_dolly-0_0,bicycle,1280x720,raygs,triangles,1,off,0,on,-4,570.6132,588.9350,1.7527,1.7050,0.7603,0.5030,27.2633,6131954,89.7368,100.0000,2559.2105,4039.0000,229.0647,257.2200
bicycle_triangles_raygs_1280x720_msaa-off_mip-0_0_20260618-115318_cam-134_dolly-0_0,bicycle,1280x720,raygs,triangles,1,off,0,on,-4,576.5353,595.5210,1.7347,1.6887,0.7629,0.4843,27.1273,6131954,89.9474,100.0000,2564.2105,4045.0000,226.5526,255.2500
bicycle_triangles_raygs_1280x720_msaa-off_mip-0_0_20260618-115337_cam-136_dolly-0_0,bicycle,1280x720,raygs,triangles,1,off,0,on,-4,549.7067,568.8260,1.8196,1.7738,0.8339,0.4748,30.3044,6131954,88.3158,100.0000,2564.5789,4045.0000,229.7526,261.3900
bicycle_triangles_raygs_1280x720_msaa-off_mip-0_0_20260618-115356_cam-143_dolly-0_0,bicycle,1280x720,raygs,triangles,1,off,0,on,-4,577.2556,596.0130,1.7326,1.6870,0.7871,0.4520,28.1890,6131954,85.0526,100.0000,2564.8421,4046.0000,224.0447,256.1800
bicycle_triangles_raygs_1280x720_msaa-off_mip-0_0_20260618-115415_cam-154_dolly-0_0,bicycle,1280x720,raygs,triangles,1,off,0,on,-4,586.2224,608.2000,1.7061,1.6656,0.7936,0.4291,27.2007,6131954,91.7368,100.0000,2558.6316,4039.0000,225.4347,253.1000
bicycle_triangles_raygs_1280x720_msaa-off_mip-0_0_20260618-115435_cam-157_dolly-0_0,bicycle,1280x720,raygs,triangles,1,off,0,on,-4,645.4873,668.2520,1.5494,1.5068,0.6902,0.4043,24.1812,6131954,92.5789,100.0000,2564.0000,4044.0000,225.4879,254.9400
bicycle_triangles_raygs_1280x720_msaa-off_mip-0_0_20260618-115454_cam-179_dolly-0_0,bicycle,1280x720,raygs,triangles,1,off,0,on,-4,722.8185,745.9520,1.3836,1.3298,0.5783,0.3541,20.4557,6131954,89.7895,100.0000,2559.2105,4038.0000,220.6942,252.9000
bicycle_triangles_raygs_1280x720_msaa-off_mip-0_0_20260618-115513_cam-191_dolly-0_0,bicycle,1280x720,raygs,triangles,1,off,0,on,-4,707.1142,732.2970,1.4144,1.3624,0.5698,0.4018,21.3354,6131954,89.5263,100.0000,2558.9474,4039.0000,227.9521,255.3900
bicycle_triangles_raygs_1920x1080_msaa-2x_mip-0_0_20260618-121419_cam-41_dolly-0_0,bicycle,1920x1080,raygs,triangles,2,off,0,on,-4,446.1546,458.7170,2.2414,2.2152,0.5952,1.2264,20.5878,6131954,89.6842,100.0000,2611.8947,4096.0000,202.0989,228.8300
bicycle_triangles_raygs_1920x1080_msaa-2x_mip-0_0_20260618-121438_cam-78_dolly-0_0,bicycle,1920x1080,raygs,triangles,2,off,0,on,-4,377.1823,389.1030,2.6513,2.6246,0.8040,1.3593,28.1197,6131954,93.4211,100.0000,2611.5789,4096.0000,207.3621,230.1900
bicycle_triangles_raygs_1920x1080_msaa-2x_mip-0_0_20260618-121457_cam-129_dolly-0_0,bicycle,1920x1080,raygs,triangles,2,off,0,on,-4,351.7601,363.1780,2.8429,2.8163,0.7782,1.5849,27.2633,6131954,89.3684,100.0000,2601.1579,4011.0000,197.1974,225.8400
bicycle_triangles_raygs_1920x1080_msaa-2x_mip-0_0_20260618-121517_cam-134_dolly-0_0,bicycle,1920x1080,raygs,triangles,2,off,0,on,-4,380.4556,393.3880,2.6285,2.6016,0.7769,1.3761,27.1273,6131954,94.1579,100.0000,2606.3158,4090.0000,210.5968,231.4300
bicycle_triangles_raygs_1920x1080_msaa-2x_mip-0_0_20260618-121536_cam-136_dolly-0_0,bicycle,1920x1080,raygs,triangles,2,off,0,on,-4,367.2583,379.7920,2.7232,2.6962,0.8533,1.3805,30.3044,6131954,90.3684,100.0000,2605.6842,4090.0000,208.5921,235.6400
bicycle_triangles_raygs_1920x1080_msaa-2x_mip-0_0_20260618-121555_cam-143_dolly-0_0,bicycle,1920x1080,raygs,triangles,2,off,0,on,-4,387.1385,399.8190,2.5832,2.5557,0.7969,1.3089,28.1890,6131954,89.5789,100.0000,2605.6842,4090.0000,204.2363,231.8700
bicycle_triangles_raygs_1920x1080_msaa-2x_mip-0_0_20260618-121614_cam-154_dolly-0_0,bicycle,1920x1080,raygs,triangles,2,off,0,on,-4,399.4523,408.3680,2.5034,2.4780,0.7989,1.2204,27.2007,6131954,89.9474,100.0000,2607.1053,4090.0000,208.9874,232.9600
bicycle_triangles_raygs_1920x1080_msaa-2x_mip-0_0_20260618-121633_cam-157_dolly-0_0,bicycle,1920x1080,raygs,triangles,2,off,0,on,-4,436.1448,453.0200,2.2930,2.2642,0.7123,1.1395,24.1812,6131954,89.7368,100.0000,2605.6842,4090.0000,205.9684,231.3400
bicycle_triangles_raygs_1920x1080_msaa-2x_mip-0_0_20260618-121652_cam-179_dolly-0_0,bicycle,1920x1080,raygs,triangles,2,off,0,on,-4,490.9060,506.8460,2.0371,2.0096,0.5869,1.0172,20.4557,6131954,89.4737,100.0000,2606.0000,4090.0000,203.7584,229.4400
bicycle_triangles_raygs_1920x1080_msaa-2x_mip-0_0_20260618-121711_cam-191_dolly-0_0,bicycle,1920x1080,raygs,triangles,2,off,0,on,-4,454.3596,469.5850,2.2010,2.1739,0.5793,1.1989,21.3354,6131954,90.6316,100.0000,2606.5263,4090.0000,201.3289,227.1000
bicycle_triangles_raygs_1920x1080_msaa-4x_mip-0_0_20260618-121730_cam-41_dolly-0_0,bicycle,1920x1080,raygs,triangles,4,off,0,on,-4,366.2231,377.6700,2.7306,2.7043,0.5916,1.7182,20.5878,6131954,93.8421,100.0000,2632.3684,4118.0000,187.5421,208.6900
bicycle_triangles_raygs_1920x1080_msaa-4x_mip-0_0_20260618-121750_cam-78_dolly-0_0,bicycle,1920x1080,raygs,triangles,4,off,0,on,-4,294.9193,303.6400,3.3909,3.3649,0.8113,2.1041,28.1197,6131954,93.9474,100.0000,2632.8947,4120.0000,182.4916,202.5400
bicycle_triangles_raygs_1920x1080_msaa-4x_mip-0_0_20260618-121809_cam-129_dolly-0_0,bicycle,1920x1080,raygs,triangles,4,off,0,on,-4,273.3352,281.9220,3.6586,3.6322,0.7715,2.4009,27.2633,6131954,93.7895,100.0000,2636.5263,4124.0000,179.0468,199.3900
bicycle_triangles_raygs_1920x1080_msaa-4x_mip-0_0_20260618-121828_cam-134_dolly-0_0,bicycle,1920x1080,raygs,triangles,4,off,0,on,-4,295.4834,304.9460,3.3844,3.3578,0.7826,2.1331,27.1273,6131954,90.1053,100.0000,2638.5789,4126.0000,181.9174,203.8800
bicycle_triangles_raygs_1920x1080_msaa-4x_mip-0_0_20260618-121847_cam-136_dolly-0_0,bicycle,1920x1080,raygs,triangles,4,off,0,on,-4,287.8975,295.5840,3.4737,3.4473,0.8598,2.1218,30.3044,6131954,89.4737,100.0000,2638.2632,4126.0000,187.6874,207.8300
bicycle_triangles_raygs_1920x1080_msaa-4x_mip-0_0_20260618-121906_cam-143_dolly-0_0,bicycle,1920x1080,raygs,triangles,4,off,0,on,-4,310.5512,319.4200,3.2201,3.1907,0.7989,1.9242,28.1890,6131954,89.5789,100.0000,2637.1053,4124.0000,187.5358,208.5100
bicycle_triangles_raygs_1920x1080_msaa-4x_mip-0_0_20260618-121925_cam-154_dolly-0_0,bicycle,1920x1080,raygs,triangles,4,off,0,on,-4,319.5072,331.6360,3.1300,3.1030,0.8088,1.8394,27.2007,6131954,89.8947,100.0000,2638.2105,4124.0000,186.7500,207.7000
bicycle_triangles_raygs_1920x1080_msaa-4x_mip-0_0_20260618-121944_cam-157_dolly-0_0,bicycle,1920x1080,raygs,triangles,4,off,0,on,-4,347.1567,358.3170,2.8806,2.8508,0.6907,1.7318,24.1812,6131954,85.0000,100.0000,2555.6316,2682.0000,176.6705,204.2900
bicycle_triangles_raygs_1920x1080_msaa-4x_mip-0_0_20260618-122003_cam-179_dolly-0_0,bicycle,1920x1080,raygs,triangles,4,off,0,on,-4,396.5378,409.4620,2.5218,2.4898,0.5869,1.4984,20.4557,6131954,93.9474,100.0000,2633.0000,4120.0000,185.7063,205.3100
bicycle_triangles_raygs_1920x1080_msaa-4x_mip-0_0_20260618-122022_cam-191_dolly-0_0,bicycle,1920x1080,raygs,triangles,4,off,0,on,-4,345.9095,357.0990,2.8910,2.8627,0.5656,1.8886,21.3354,6131954,94.1053,100.0000,2632.7895,4120.0000,180.8542,199.6100
bicycle_triangles_raygs_1920x1080_msaa-off_mip-0_05_20260618-122042_cam-41_dolly-0_0,bicycle,1920x1080,raygs,triangles,1,off,0.05,on,-4,550.6022,567.0850,1.8162,1.7512,0.5871,0.7672,20.5878,6131954,94.5789,100.0000,2590.8421,4074.0000,222.9316,251.3300
bicycle_triangles_raygs_1920x1080_msaa-off_mip-0_05_20260618-122101_cam-78_dolly-0_0,bicycle,1920x1080,raygs,triangles,1,off,0.05,on,-4,457.5400,471.8050,2.1857,2.1270,0.7988,0.8796,28.1197,6131954,89.9474,100.0000,2591.0000,4074.0000,221.2832,248.6500
bicycle_triangles_raygs_1920x1080_msaa-off_mip-0_05_20260618-122120_cam-129_dolly-0_0,bicycle,1920x1080,raygs,triangles,1,off,0.05,on,-4,450.8504,465.6730,2.2182,2.1611,0.7745,0.9439,27.2633,6131954,90.0000,100.0000,2591.4211,4074.0000,222.2516,251.6400
bicycle_triangles_raygs_1920x1080_msaa-off_mip-0_05_20260618-122139_cam-134_dolly-0_0,bicycle,1920x1080,raygs,triangles,1,off,0.05,on,-4,474.9142,490.7540,2.1058,2.0551,0.7583,0.8336,27.1273,6131954,89.4737,100.0000,2590.7895,4076.0000,228.3816,254.1000
bicycle_triangles_raygs_1920x1080_msaa-off_mip-0_05_20260618-122158_cam-136_dolly-0_0,bicycle,1920x1080,raygs,triangles,1,off,0.05,on,-4,447.2589,464.3600,2.2362,2.1751,0.8560,0.8604,30.3044,6131954,89.7368,100.0000,2591.0000,4074.0000,227.9000,256.2700
bicycle_triangles_raygs_1920x1080_msaa-off_mip-0_05_20260618-122217_cam-143_dolly-0_0,bicycle,1920x1080,raygs,triangles,1,off,0.05,on,-4,466.3472,483.0510,2.1445,2.0985,0.7863,0.8374,28.1890,6131954,89.4737,100.0000,2590.8421,4074.0000,223.4605,251.0900
bicycle_triangles_raygs_1920x1080_msaa-off_mip-0_05_20260618-122236_cam-154_dolly-0_0,bicycle,1920x1080,raygs,triangles,1,off,0.05,on,-4,468.3047,485.2330,2.1355,2.0894,0.8086,0.8152,27.2007,6131954,89.7368,100.0000,2590.8421,4074.0000,217.2226,246.4200
bicycle_triangles_raygs_1920x1080_msaa-off_mip-0_05_20260618-122255_cam-157_dolly-0_0,bicycle,1920x1080,raygs,triangles,1,off,0.05,on,-4,531.0226,546.5650,1.8832,1.8325,0.6837,0.7202,24.1812,6131954,94.2632,100.0000,2590.8421,4074.0000,224.3421,250.9000
bicycle_triangles_raygs_1920x1080_msaa-off_mip-0_05_20260618-122315_cam-179_dolly-0_0,bicycle,1920x1080,raygs,triangles,1,off,0.05,on,-4,585.0817,601.5840,1.7092,1.6641,0.5944,0.6589,20.4557,6131954,94.6842,100.0000,2590.7895,4074.0000,218.6621,246.9300
bicycle_triangles_raygs_1920x1080_msaa-off_mip-0_05_20260618-122334_cam-191_dolly-0_0,bicycle,1920x1080,raygs,triangles,1,off,0.05,on,-4,543.7119,563.0070,1.8393,1.7729,0.5804,0.7938,21.3354,6131954,91.8421,100.0000,2590.5263,4074.0000,216.5111,244.2400
bicycle_triangles_raygs_1920x1080_msaa-off_mip-0_0_20260618-113956_cam-41_dolly-0_0,bicycle,1920x1080,raygs,triangles,1,off,0,on,-4,560.0757,577.1860,1.7855,1.7249,0.5798,0.7418,20.5878,6131954,94.2632,100.0000,2609.2632,4111.0000,216.7211,246.9200
bicycle_triangles_raygs_1920x1080_msaa-off_mip-0_0_20260618-114015_cam-78_dolly-0_0,bicycle,1920x1080,raygs,triangles,1,off,0,on,-4,463.7401,478.9040,2.1565,2.1161,0.7881,0.8519,28.1197,6131954,92.0000,100.0000,2604.7895,4090.0000,214.0237,243.8800
bicycle_triangles_raygs_1920x1080_msaa-off_mip-0_0_20260618-114034_cam-129_dolly-0_0,bicycle,1920x1080,raygs,triangles,1,off,0,on,-4,460.3679,474.3210,2.1724,2.1192,0.7695,0.8984,27.2633,6131954,89.8421,100.0000,2604.3684,4088.0000,219.7326,251.5500
bicycle_triangles_raygs_1920x1080_msaa-off_mip-0_0_20260618-114053_cam-134_dolly-0_0,bicycle,1920x1080,raygs,triangles,1,off,0,on,-4,481.9172,499.2530,2.0752,2.0191,0.7588,0.8042,27.1273,6131954,89.4737,100.0000,2604.6316,4088.0000,225.6279,254.0700
bicycle_triangles_raygs_1920x1080_msaa-off_mip-0_0_20260618-114112_cam-136_dolly-0_0,bicycle,1920x1080,raygs,triangles,1,off,0,on,-4,455.9631,471.9760,2.1936,2.1348,0.8470,0.8280,30.3044,6131954,89.8421,100.0000,2605.5263,4088.0000,227.7942,256.5500
bicycle_triangles_raygs_1920x1080_msaa-off_mip-0_0_20260618-114131_cam-143_dolly-0_0,bicycle,1920x1080,raygs,triangles,1,off,0,on,-4,473.8349,489.7650,2.1107,2.0621,0.7784,0.8067,28.1890,6131954,89.2632,100.0000,2604.6842,4088.0000,222.2068,250.9800
bicycle_triangles_raygs_1920x1080_msaa-off_mip-0_0_20260618-114150_cam-154_dolly-0_0,bicycle,1920x1080,raygs,triangles,1,off,0,on,-4,485.6461,501.2190,2.0593,2.0059,0.7830,0.7636,27.2007,6131954,91.2632,100.0000,2605.2105,4090.0000,218.3847,249.0000
bicycle_triangles_raygs_1920x1080_msaa-off_mip-0_0_20260618-114209_cam-157_dolly-0_0,bicycle,1920x1080,raygs,triangles,1,off,0,on,-4,539.2339,556.4730,1.8545,1.8093,0.6874,0.6920,24.1812,6131954,94.4211,100.0000,2609.3684,4094.0000,226.0016,251.6700
bicycle_triangles_raygs_1920x1080_msaa-off_mip-0_0_20260618-114228_cam-179_dolly-0_0,bicycle,1920x1080,raygs,triangles,1,off,0,on,-4,594.2458,605.9830,1.6828,1.6299,0.5835,0.6353,20.4557,6131954,94.6316,100.0000,2605.2105,4088.0000,220.5489,248.2100
bicycle_triangles_raygs_1920x1080_msaa-off_mip-0_0_20260618-114248_cam-191_dolly-0_0,bicycle,1920x1080,raygs,triangles,1,off,0,on,-4,555.6613,574.7960,1.7998,1.7501,0.5751,0.7605,21.3354,6131954,91.2105,100.0000,2604.5789,4088.0000,218.7511,247.4900
bicycle_triangles_raygs_1920x1080_msaa-off_mip-0_0_20260618-115532_cam-41_dolly-0_0,bicycle,1920x1080,raygs,triangles,1,off,0,on,-4,558.1780,576.2220,1.7916,1.7382,0.5819,0.7457,20.5878,6131954,89.5263,100.0000,2595.6842,4079.0000,226.5537,253.8200
bicycle_triangles_raygs_1920x1080_msaa-off_mip-0_0_20260618-115551_cam-78_dolly-0_0,bicycle,1920x1080,raygs,triangles,1,off,0,on,-4,462.7744,479.9820,2.1610,2.1223,0.7925,0.8564,28.1197,6131954,89.6842,100.0000,2597.3684,4080.0000,221.5963,249.9100
bicycle_triangles_raygs_1920x1080_msaa-off_mip-0_0_20260618-115610_cam-129_dolly-0_0,bicycle,1920x1080,raygs,triangles,1,off,0,on,-4,459.3516,474.9710,2.1772,2.1176,0.7742,0.9016,27.2633,6131954,89.7895,100.0000,2598.0526,4080.0000,224.5563,254.6100
bicycle_triangles_raygs_1920x1080_msaa-off_mip-0_0_20260618-115629_cam-134_dolly-0_0,bicycle,1920x1080,raygs,triangles,1,off,0,on,-4,481.7530,497.7790,2.0758,2.0209,0.7561,0.8055,27.1273,6131954,94.5789,100.0000,2596.8421,4080.0000,230.8711,257.4700
bicycle_triangles_raygs_1920x1080_msaa-off_mip-0_0_20260618-115648_cam-136_dolly-0_0,bicycle,1920x1080,raygs,triangles,1,off,0,on,-4,455.4982,471.9220,2.1958,2.1357,0.8482,0.8289,30.3044,6131954,93.4211,100.0000,2596.8421,4080.0000,230.0053,258.7300
bicycle_triangles_raygs_1920x1080_msaa-off_mip-0_0_20260618-115708_cam-143_dolly-0_0,bicycle,1920x1080,raygs,triangles,1,off,0,on,-4,475.1064,492.3230,2.1050,2.0540,0.7777,0.8078,28.1890,6131954,91.3684,100.0000,2595.7368,4082.0000,224.3589,253.2300
bicycle_triangles_raygs_1920x1080_msaa-off_mip-0_0_20260618-115727_cam-154_dolly-0_0,bicycle,1920x1080,raygs,triangles,1,off,0,on,-4,484.2786,500.2910,2.0651,2.0128,0.7884,0.7652,27.2007,6131954,89.8947,100.0000,2596.5263,4080.0000,221.2800,251.1700
bicycle_triangles_raygs_1920x1080_msaa-off_mip-0_0_20260618-115746_cam-157_dolly-0_0,bicycle,1920x1080,raygs,triangles,1,off,0,on,-4,539.1569,554.3700,1.8548,1.8061,0.6942,0.6928,24.1812,6131954,89.4737,100.0000,2597.1579,4080.0000,226.5105,252.9300
bicycle_triangles_raygs_1920x1080_msaa-off_mip-0_0_20260618-115805_cam-179_dolly-0_0,bicycle,1920x1080,raygs,triangles,1,off,0,on,-4,592.6682,611.7380,1.6874,1.6315,0.5946,0.6358,20.4557,6131954,89.2105,100.0000,2596.1579,4080.0000,220.9353,249.2200
bicycle_triangles_raygs_1920x1080_msaa-off_mip-0_0_20260618-115824_cam-191_dolly-0_0,bicycle,1920x1080,raygs,triangles,1,off,0,on,-4,554.9946,572.0260,1.8019,1.7343,0.5647,0.7611,21.3354,6131954,89.4737,100.0000,2596.5789,4080.0000,218.7179,247.2400
bicycle_triangles_raygs_1920x1080_msaa-off_mip-0_0_20260618-121108_cam-41_dolly-0_0,bicycle,1920x1080,raygs,triangles,1,off,0,on,-4,556.4556,575.4970,1.7972,1.7315,0.5783,0.7459,20.5878,6131954,94.6842,100.0000,2603.2105,4087.0000,230.1337,254.2900
bicycle_triangles_raygs_1920x1080_msaa-off_mip-0_0_20260618-121127_cam-78_dolly-0_0,bicycle,1920x1080,raygs,triangles,1,off,0,on,-4,462.8501,478.1120,2.1607,2.1211,0.7932,0.8560,28.1197,6131954,89.5263,100.0000,2596.8421,4080.0000,220.6153,249.5200
bicycle_triangles_raygs_1920x1080_msaa-off_mip-0_0_20260618-121146_cam-129_dolly-0_0,bicycle,1920x1080,raygs,triangles,1,off,0,on,-4,459.5531,475.5450,2.1762,2.1170,0.7737,0.9010,27.2633,6131954,89.9474,100.0000,2596.7368,4080.0000,224.6953,254.9300
bicycle_triangles_raygs_1920x1080_msaa-off_mip-0_0_20260618-121205_cam-134_dolly-0_0,bicycle,1920x1080,raygs,triangles,1,off,0,on,-4,481.3156,497.7110,2.0778,2.0234,0.7585,0.8056,27.1273,6131954,91.6316,100.0000,2596.3158,4082.0000,230.7174,257.6600
bicycle_triangles_raygs_1920x1080_msaa-off_mip-0_0_20260618-121224_cam-136_dolly-0_0,bicycle,1920x1080,raygs,triangles,1,off,0,on,-4,455.7909,473.4590,2.1944,2.1339,0.8471,0.8295,30.3044,6131954,93.9474,100.0000,2597.2105,4082.0000,230.5632,259.2000
bicycle_triangles_raygs_1920x1080_msaa-off_mip-0_0_20260618-121244_cam-143_dolly-0_0,bicycle,1920x1080,raygs,triangles,1,off,0,on,-4,473.8087,489.3340,2.1107,2.0610,0.7800,0.8075,28.1890,6131954,93.6842,100.0000,2596.7368,4080.0000,223.9253,252.6100
bicycle_triangles_raygs_1920x1080_msaa-off_mip-0_0_20260618-121303_cam-154_dolly-0_0,bicycle,1920x1080,raygs,triangles,1,off,0,on,-4,484.0943,501.9450,2.0659,2.0161,0.8037,0.7651,27.2007,6131954,89.8421,100.0000,2596.5789,4082.0000,221.6884,250.6100
bicycle_triangles_raygs_1920x1080_msaa-off_mip-0_0_20260618-121322_cam-157_dolly-0_0,bicycle,1920x1080,raygs,triangles,1,off,0,on,-4,538.9149,557.2870,1.8557,1.8091,0.6889,0.6928,24.1812,6131954,89.4211,100.0000,2596.6316,4080.0000,225.8721,252.3200
bicycle_triangles_raygs_1920x1080_msaa-off_mip-0_0_20260618-121341_cam-179_dolly-0_0,bicycle,1920x1080,raygs,triangles,1,off,0,on,-4,593.7945,612.0660,1.6842,1.6338,0.5893,0.6361,20.4557,6131954,89.3158,100.0000,2596.5263,4080.0000,221.0421,249.2100
bicycle_triangles_raygs_1920x1080_msaa-off_mip-0_0_20260618-121400_cam-191_dolly-0_0,bicycle,1920x1080,raygs,triangles,1,off,0,on,-4,554.6375,572.6270,1.8031,1.7357,0.5665,0.7613,21.3354,6131954,88.9474,100.0000,2596.7368,4080.0000,217.9532,246.5200
bicycle_triangles_raygs_1920x1080_msaa-off_mip-0_10_20260618-122353_cam-41_dolly-0_0,bicycle,1920x1080,raygs,triangles,1,off,0.1,on,-4,547.6820,566.8920,1.8260,1.7604,0.5865,0.7762,20.5878,6131954,89.5789,100.0000,2590.6316,4074.0000,221.3374,251.4300
bicycle_triangles_raygs_1920x1080_msaa-off_mip-0_10_20260618-122412_cam-78_dolly-0_0,bicycle,1920x1080,raygs,triangles,1,off,0.1,on,-4,455.3890,466.9980,2.1961,2.1379,0.7985,0.8905,28.1197,6131954,89.4737,100.0000,2590.5263,4074.0000,223.0526,249.4800
bicycle_triangles_raygs_1920x1080_msaa-off_mip-0_10_20260618-122431_cam-129_dolly-0_0,bicycle,1920x1080,raygs,triangles,1,off,0.1,on,-4,447.7290,459.7000,2.2337,2.1740,0.7721,0.9592,27.2633,6131954,89.7895,100.0000,2590.6316,4074.0000,224.1763,251.1600
bicycle_triangles_raygs_1920x1080_msaa-off_mip-0_10_20260618-122450_cam-134_dolly-0_0,bicycle,1920x1080,raygs,triangles,1,off,0.1,on,-4,473.0497,489.8880,2.1141,2.0654,0.7581,0.8443,27.1273,6131954,89.2632,100.0000,2590.6842,4074.0000,224.6105,254.5600
bicycle_triangles_raygs_1920x1080_msaa-off_mip-0_10_20260618-122509_cam-136_dolly-0_0,bicycle,1920x1080,raygs,triangles,1,off,0.1,on,-4,444.8815,461.8320,2.2482,2.1870,0.8565,0.8724,30.3044,6131954,89.7368,100.0000,2590.1053,4076.0000,223.6363,255.2800
bicycle_triangles_raygs_1920x1080_msaa-off_mip-0_10_20260618-122528_cam-143_dolly-0_0,bicycle,1920x1080,raygs,triangles,1,off,0.1,on,-4,465.3437,481.0820,2.1491,2.1072,0.7852,0.8468,28.1890,6131954,94.1053,100.0000,2590.8421,4074.0000,224.7626,250.9100
bicycle_triangles_raygs_1920x1080_msaa-off_mip-0_10_20260618-122548_cam-154_dolly-0_0,bicycle,1920x1080,raygs,triangles,1,off,0.1,on,-4,466.6639,483.5490,2.1431,2.0974,0.8028,0.8278,27.2007,6131954,94.6316,100.0000,2591.7368,4076.0000,218.5753,245.2200
bicycle_triangles_raygs_1920x1080_msaa-off_mip-0_10_20260618-122607_cam-157_dolly-0_0,bicycle,1920x1080,raygs,triangles,1,off,0.1,on,-4,528.7658,544.1940,1.8912,1.8466,0.6860,0.7295,24.1812,6131954,92.8947,100.0000,2589.6316,4074.0000,222.2368,250.5400
bicycle_triangles_raygs_1920x1080_msaa-off_mip-0_10_20260618-122626_cam-179_dolly-0_0,bicycle,1920x1080,raygs,triangles,1,off,0.1,on,-4,582.4155,601.0740,1.7170,1.6706,0.5944,0.6656,20.4557,6131954,89.9474,100.0000,2590.6842,4074.0000,217.1637,246.5600
bicycle_triangles_raygs_1920x1080_msaa-off_mip-0_10_20260618-122645_cam-191_dolly-0_0,bicycle,1920x1080,raygs,triangles,1,off,0.1,on,-4,540.2848,559.1000,1.8510,1.7808,0.5794,0.8028,21.3354,6131954,89.5263,100.0000,2590.6316,4074.0000,217.6795,242.8000
bicycle_triangles_raygs_1920x1080_msaa-off_mip-0_20_20260618-122704_cam-41_dolly-0_0,bicycle,1920x1080,raygs,triangles,1,off,0.2,on,-4,543.7889,562.1380,1.8390,1.7731,0.5880,0.7878,20.5878,6131954,89.8947,100.0000,2589.8421,4074.0000,222.9958,251.2000
bicycle_triangles_raygs_1920x1080_msaa-off_mip-0_20_20260618-122723_cam-78_dolly-0_0,bicycle,1920x1080,raygs,triangles,1,off,0.2,on,-4,450.8727,467.0290,2.2182,2.1593,0.8026,0.9076,28.1197,6131954,89.5789,100.0000,2590.6842,4074.0000,219.4505,248.1400
bicycle_triangles_raygs_1920x1080_msaa-off_mip-0_20_20260618-122742_cam-129_dolly-0_0,bicycle,1920x1080,raygs,triangles,1,off,0.2,on,-4,442.8476,457.6560,2.2583,2.2002,0.7701,0.9801,27.2633,6131954,91.1053,100.0000,2591.0526,4074.0000,220.1700,249.6900
bicycle_triangles_raygs_1920x1080_msaa-off_mip-0_20_20260618-122801_cam-134_dolly-0_0,bicycle,1920x1080,raygs,triangles,1,off,0.2,on,-4,467.7105,482.6700,2.1382,2.0889,0.7614,0.8609,27.1273,6131954,94.1053,100.0000,2591.3158,4074.0000,226.8447,252.7100
bicycle_triangles_raygs_1920x1080_msaa-off_mip-0_20_20260618-122821_cam-136_dolly-0_0,bicycle,1920x1080,raygs,triangles,1,off,0.2,on,-4,440.9874,445.2320,2.2679,2.2087,0.8584,0.8909,30.3044,6131954,94.2632,100.0000,2591.0000,4076.0000,225.8895,255.0800
bicycle_triangles_raygs_1920x1080_msaa-off_mip-0_20_20260618-122840_cam-143_dolly-0_0,bicycle,1920x1080,raygs,triangles,1,off,0.2,on,-4,463.3961,479.7220,2.1582,2.1213,0.7882,0.8616,28.1890,6131954,90.6842,100.0000,2591.0000,4076.0000,221.4432,250.1800
bicycle_triangles_raygs_1920x1080_msaa-off_mip-0_20_20260618-122859_cam-154_dolly-0_0,bicycle,1920x1080,raygs,triangles,1,off,0.2,on,-4,464.3983,476.8630,2.1535,2.1131,0.8059,0.8433,27.2007,6131954,89.3684,100.0000,2591.1053,4076.0000,216.1442,245.7600
bicycle_triangles_raygs_1920x1080_msaa-off_mip-0_20_20260618-122918_cam-157_dolly-0_0,bicycle,1920x1080,raygs,triangles,1,off,0.2,on,-4,524.4012,540.7280,1.9070,1.8553,0.6954,0.7413,24.1812,6131954,89.5263,100.0000,2590.7368,4074.0000,225.5695,251.6200
bicycle_triangles_raygs_1920x1080_msaa-off_mip-0_20_20260618-122937_cam-179_dolly-0_0,bicycle,1920x1080,raygs,triangles,1,off,0.2,on,-4,578.6729,597.8640,1.7282,1.6842,0.6030,0.6799,20.4557,6131954,89.4211,100.0000,2590.6316,4074.0000,217.7174,246.1700
bicycle_triangles_raygs_1920x1080_msaa-off_mip-0_20_20260618-122956_cam-191_dolly-0_0,bicycle,1920x1080,raygs,triangles,1,off,0.2,on,-4,537.8539,557.3460,1.8594,1.7959,0.5809,0.8134,21.3354,6131954,88.1579,100.0000,2580.6842,4074.0000,216.1889,243.6700
bicycle_triangles_raygs_2560x1440_msaa-off_mip-0_0_20260618-115843_cam-41_dolly-0_0,bicycle,2490x1376,raygs,triangles,1,off,0,on,-4,460.6120,476.3250,2.1711,2.0782,0.5709,1.1057,20.5878,6131954,89.6316,100.0000,2627.6842,4113.0000,223.2168,252.9200
bicycle_triangles_raygs_2560x1440_msaa-off_mip-0_0_20260618-115902_cam-78_dolly-0_0,bicycle,2490x1376,raygs,triangles,1,off,0,on,-4,395.2211,408.8800,2.5304,2.4689,0.8025,1.2055,28.1197,6131954,92.8421,100.0000,2626.9474,4116.0000,222.7284,247.7600
bicycle_triangles_raygs_2560x1440_msaa-off_mip-0_0_20260618-115921_cam-129_dolly-0_0,bicycle,2490x1376,raygs,triangles,1,off,0,on,-4,376.0082,388.8020,2.6596,2.5973,0.7707,1.3622,27.2633,6131954,94.5263,100.0000,2626.6316,4114.0000,222.5668,248.6200
bicycle_triangles_raygs_2560x1440_msaa-off_mip-0_0_20260618-115941_cam-134_dolly-0_0,bicycle,2490x1376,raygs,triangles,1,off,0,on,-4,403.1269,415.4230,2.4808,2.4144,0.7712,1.1915,27.1273,6131954,93.6316,100.0000,2627.6842,4113.0000,224.8342,252.7000
bicycle_triangles_raygs_2560x1440_msaa-off_mip-0_0_20260618-120000_cam-136_dolly-0_0,bicycle,2490x1376,raygs,triangles,1,off,0,on,-4,386.3226,400.7940,2.5888,2.5179,0.8550,1.1992,30.3044,6131954,91.0000,100.0000,2621.7895,4110.0000,226.2426,256.1700
bicycle_triangles_raygs_2560x1440_msaa-off_mip-0_0_20260618-120019_cam-143_dolly-0_0,bicycle,2490x1376,raygs,triangles,1,off,0,on,-4,404.6005,417.2630,2.4717,2.4043,0.7920,1.1488,28.1890,6131954,89.5263,100.0000,2621.3158,4108.0000,218.6126,250.0200
bicycle_triangles_raygs_2560x1440_msaa-off_mip-0_0_20260618-120038_cam-154_dolly-0_0,bicycle,2490x1376,raygs,triangles,1,off,0,on,-4,400.7971,416.4890,2.4952,2.4262,0.8049,1.1683,27.2007,6131954,89.5263,100.0000,2622.1053,4109.0000,218.9179,243.8200
bicycle_triangles_raygs_2560x1440_msaa-off_mip-0_0_20260618-120057_cam-157_dolly-0_0,bicycle,2490x1376,raygs,triangles,1,off,0,on,-4,458.4194,474.3120,2.1815,2.1222,0.6988,1.0080,24.1812,6131954,89.5789,100.0000,2622.1053,4109.0000,221.2300,249.2400
bicycle_triangles_raygs_2560x1440_msaa-off_mip-0_0_20260618-120116_cam-179_dolly-0_0,bicycle,2490x1376,raygs,triangles,1,off,0,on,-4,508.7723,524.8260,1.9656,1.9097,0.5919,0.9018,20.4557,6131954,89.2632,100.0000,2628.8947,4115.0000,217.9116,247.4700
bicycle_triangles_raygs_2560x1440_msaa-off_mip-0_0_20260618-120135_cam-191_dolly-0_0,bicycle,2490x1376,raygs,triangles,1,off,0,on,-4,456.1413,471.1810,2.1924,2.1109,0.5740,1.1354,21.3354,6131954,90.5789,100.0000,2627.7368,4114.0000,213.8268,243.4700
bicycle_triangles_raygs_3840x2160_msaa-off_mip-0_0_20260618-120154_cam-41_dolly-0_0,bicycle,2490x1376,raygs,triangles,1,off,0,on,-4,460.7514,475.4410,2.1704,2.0772,0.5693,1.1058,20.5878,6131954,94.3684,100.0000,2623.1579,4109.0000,224.9384,252.6500
bicycle_triangles_raygs_3840x2160_msaa-off_mip-0_0_20260618-120214_cam-78_dolly-0_0,bicycle,2490x1376,raygs,triangles,1,off,0,on,-4,394.6892,407.4600,2.5338,2.4687,0.8000,1.2058,28.1197,6131954,94.1053,100.0000,2628.5789,4115.0000,220.3126,247.6400
bicycle_triangles_raygs_3840x2160_msaa-off_mip-0_0_20260618-120233_cam-129_dolly-0_0,bicycle,2490x1376,raygs,triangles,1,off,0,on,-4,376.0712,384.3370,2.6592,2.5938,0.7711,1.3626,27.2633,6131954,93.0526,100.0000,2629.3158,4117.0000,221.4979,249.4900
bicycle_triangles_raygs_3840x2160_msaa-off_mip-0_0_20260618-120252_cam-134_dolly-0_0,bicycle,2490x1376,raygs,triangles,1,off,0,on,-4,403.0618,417.8540,2.4811,2.4160,0.7726,1.1917,27.1273,6131954,90.1053,100.0000,2622.9474,4109.0000,223.3274,253.5200
bicycle_triangles_raygs_3840x2160_msaa-off_mip-0_0_20260618-120311_cam-136_dolly-0_0,bicycle,2490x1376,raygs,triangles,1,off,0,on,-4,386.4387,399.5100,2.5880,2.5204,0.8545,1.1992,30.3044,6131954,89.5263,100.0000,2628.5789,4115.0000,230.1979,256.8500
bicycle_triangles_raygs_3840x2160_msaa-off_mip-0_0_20260618-120330_cam-143_dolly-0_0,bicycle,2490x1376,raygs,triangles,1,off,0,on,-4,404.9776,418.5730,2.4694,2.4034,0.7928,1.1484,28.1890,6131954,89.9474,100.0000,2628.2632,4115.0000,223.4016,251.0500
bicycle_triangles_raygs_3840x2160_msaa-off_mip-0_0_20260618-120349_cam-154_dolly-0_0,bicycle,2490x1376,raygs,triangles,1,off,0,on,-4,402.8034,415.7100,2.4828,2.4197,0.7901,1.1690,27.2007,6131954,89.7368,100.0000,2628.7895,4115.0000,216.0847,244.6900
bicycle_triangles_raygs_3840x2160_msaa-off_mip-0_0_20260618-120408_cam-157_dolly-0_0,bicycle,2490x1376,raygs,triangles,1,off,0,on,-4,456.6967,472.1410,2.1897,2.1279,0.7051,1.0073,24.1812,6131954,91.4737,100.0000,2621.3684,4109.0000,219.6332,248.5100
bicycle_triangles_raygs_3840x2160_msaa-off_mip-0_0_20260618-120427_cam-179_dolly-0_0,bicycle,2490x1376,raygs,triangles,1,off,0,on,-4,508.9604,526.5120,1.9648,1.8980,0.5810,0.9014,20.4557,6131954,94.2105,100.0000,2629.8947,4116.0000,221.3832,246.7100
bicycle_triangles_raygs_3840x2160_msaa-off_mip-0_0_20260618-120447_cam-191_dolly-0_0,bicycle,2490x1376,raygs,triangles,1,off,0,on,-4,455.0920,471.3420,2.1977,2.1197,0.5829,1.1353,21.3354,6131954,94.6842,100.0000,2633.7368,4121.0000,217.6521,243.5500
bonsai_triangles_raygs_1920x1080_msaa-off_mip-0_0_20260618-114919_cam-83_dolly-0_0,bonsai,1920x1080,raygs,triangles,1,off,0,on,-4,808.5394,832.2570,1.2369,1.1971,0.2484,0.7815,41.1323,1244819,94.7778,100.0000,2504.2222,2626.0000,213.7017,229.6500
bonsai_triangles_raygs_1920x1080_msaa-off_mip-0_0_20260618-114937_cam-131_dolly-0_0,bonsai,1920x1080,raygs,triangles,1,off,0,on,-4,846.5613,874.1300,1.1814,1.1263,0.2244,0.7456,40.3204,1244819,94.5556,100.0000,2504.5000,2626.0000,216.3278,228.6000
bonsai_triangles_raygs_1920x1080_msaa-off_mip-0_0_20260618-114955_cam-157_dolly-0_0,bonsai,1920x1080,raygs,triangles,1,off,0,on,-4,861.3646,887.9490,1.1611,1.1046,0.2016,0.7497,37.0864,1244819,93.8889,100.0000,2505.2778,2628.0000,216.4650,231.2100
bonsai_triangles_raygs_1920x1080_msaa-off_mip-0_0_20260618-115014_cam-177_dolly-0_0,bonsai,1920x1080,raygs,triangles,1,off,0,on,-4,975.5585,1006.4700,1.0252,0.9794,0.1832,0.6396,31.4540,1244819,94.4444,100.0000,2504.5000,2626.0000,213.8461,228.8400
bonsai_triangles_raygs_1920x1080_msaa-off_mip-0_0_20260618-115032_cam-193_dolly-0_0,bonsai,1920x1080,raygs,triangles,1,off,0,on,-4,858.6805,882.3910,1.1647,1.1121,0.1716,0.7871,29.9838,1244819,93.9444,100.0000,2503.9444,2626.0000,211.2211,228.6200
bonsai_triangles_raygs_1920x1080_msaa-off_mip-0_0_20260618-115050_cam-223_dolly-0_0,bonsai,1920x1080,raygs,triangles,1,off,0,on,-4,978.3498,1008.6100,1.0223,0.9756,0.1460,0.6813,25.1543,1244819,91.5556,100.0000,2503.9444,2626.0000,211.5189,224.1400
bonsai_triangles_raygs_1920x1080_msaa-off_mip-0_0_20260618-115108_cam-259_dolly-0_0,bonsai,1920x1080,raygs,triangles,1,off,0,on,-4,846.0263,870.7410,1.1821,1.1214,0.1799,0.7943,31.5147,1244819,94.5000,100.0000,2504.3889,2626.0000,212.7006,226.6400
bonsai_triangles_raygs_1920x1080_msaa-off_mip-0_0_20260618-115126_cam-268_dolly-0_0,bonsai,1920x1080,raygs,triangles,1,off,0,on,-4,826.0676,850.2930,1.2106,1.1684,0.2071,0.8106,33.3609,1244819,94.6667,100.0000,2504.5000,2626.0000,212.8367,228.4900
bonsai_triangles_raygs_1920x1080_msaa-off_mip-0_0_20260618-115144_cam-273_dolly-0_0,bonsai,1920x1080,raygs,triangles,1,off,0,on,-4,777.9253,801.0360,1.2856,1.2277,0.1922,0.8785,35.2736,1244819,94.3889,100.0000,2503.9444,2626.0000,216.5656,228.9100
bonsai_triangles_raygs_1920x1080_msaa-off_mip-0_0_20260618-115202_cam-286_dolly-0_0,bonsai,1920x1080,raygs,triangles,1,off,0,on,-4,1002.9263,1034.0500,0.9973,0.9509,0.1616,0.6363,27.9368,1244819,94.3889,100.0000,2503.5000,2626.0000,210.4994,224.3800
garden_triangles_raygs_1920x1080_msaa-off_mip-0_0_20260618-114307_cam-41_dolly-0_0,garden,1920x1080,raygs,triangles,1,off,0,on,-4,350.6294,361.6790,2.8523,2.7960,1.2448,0.9966,40.5588,5834784,89.5263,100.0000,2599.6842,4016.0000,222.7937,253.6900
garden_triangles_raygs_1920x1080_msaa-off_mip-0_0_20260618-114326_cam-78_dolly-0_0,garden,1920x1080,raygs,triangles,1,off,0,on,-4,372.6339,377.4760,2.6839,2.6296,1.1271,0.9732,37.3593,5834784,89.5263,100.0000,2601.1579,4018.0000,227.1763,253.6500
garden_triangles_raygs_1920x1080_msaa-off_mip-0_0_20260618-114345_cam-111_dolly-0_0,garden,1920x1080,raygs,triangles,1,off,0,on,-4,378.1146,391.0520,2.6449,2.5916,1.1914,0.8601,38.6090,5834784,89.3684,100.0000,2496.0526,4016.0000,221.4600,249.7300
garden_triangles_raygs_1920x1080_msaa-off_mip-0_0_20260618-114404_cam-129_dolly-0_0,garden,1920x1080,raygs,triangles,1,off,0,on,-4,401.5505,414.5600,2.4906,2.4420,1.0425,0.8867,35.7685,5834784,89.4211,100.0000,2490.4737,4009.0000,228.0963,256.3500
garden_triangles_raygs_1920x1080_msaa-off_mip-0_0_20260618-114423_cam-134_dolly-0_0,garden,1920x1080,raygs,triangles,1,off,0,on,-4,387.7093,401.2040,2.5795,2.5247,1.1367,0.8727,37.2638,5834784,84.7368,100.0000,2593.6316,4000.0000,216.8189,252.7900
garden_triangles_raygs_1920x1080_msaa-off_mip-0_0_20260618-114442_cam-136_dolly-0_0,garden,1920x1080,raygs,triangles,1,off,0,on,-4,407.8086,422.3420,2.4524,2.3919,1.0231,0.8665,35.0181,5834784,92.7895,100.0000,2595.3158,4010.0000,231.9968,253.0100
garden_triangles_raygs_1920x1080_msaa-off_mip-0_0_20260618-114501_cam-143_dolly-0_0,garden,1920x1080,raygs,triangles,1,off,0,on,-4,425.2233,439.7580,2.3520,2.2884,0.8962,0.9061,32.6604,5834784,93.4737,100.0000,2490.6842,4009.0000,224.8684,252.5800
garden_triangles_raygs_1920x1080_msaa-off_mip-0_0_20260618-114521_cam-154_dolly-0_0,garden,1920x1080,raygs,triangles,1,off,0,on,-4,417.2537,429.0040,2.3969,2.3451,0.9490,0.8986,33.3837,5834784,94.2632,100.0000,2491.2105,4011.0000,226.3947,255.2300
garden_triangles_raygs_1920x1080_msaa-off_mip-0_0_20260618-114540_cam-157_dolly-0_0,garden,1920x1080,raygs,triangles,1,off,0,on,-4,403.8881,416.5260,2.4762,2.4277,1.0189,0.9002,34.7196,5834784,90.0000,100.0000,2490.5789,4009.0000,224.5221,253.7400
garden_triangles_raygs_1920x1080_msaa-off_mip-0_0_20260618-114559_cam-179_dolly-0_0,garden,1920x1080,raygs,triangles,1,off,0,on,-4,443.9713,459.3580,2.2527,2.1937,0.8664,0.8756,31.2031,5834784,89.5789,100.0000,2594.7895,4011.0000,229.9758,256.2500
room_triangles_raygs_1920x1080_msaa-off_mip-0_0_20260618-114618_cam-83_dolly-0_0,room,1920x1080,raygs,triangles,1,off,0,on,-4,674.4059,696.0030,1.4829,1.4341,0.2351,1.0231,31.3069,1593376,89.1667,100.0000,2506.3889,2627.0000,216.9306,234.7100
room_triangles_raygs_1920x1080_msaa-off_mip-0_0_20260618-114636_cam-131_dolly-0_0,room,1920x1080,raygs,triangles,1,off,0,on,-4,575.8878,593.3040,1.7365,1.6699,0.2706,1.1836,40.6621,1593376,94.5000,100.0000,2505.0556,2628.0000,219.4022,235.0800
room_triangles_raygs_1920x1080_msaa-off_mip-0_0_20260618-114654_cam-157_dolly-0_0,room,1920x1080,raygs,triangles,1,off,0,on,-4,698.4769,720.5750,1.4318,1.3806,0.2436,0.9602,34.2800,1593376,94.3889,100.0000,2504.9444,2627.0000,215.8606,232.3300
room_triangles_raygs_1920x1080_msaa-off_mip-0_0_20260618-114712_cam-193_dolly-0_0,room,1920x1080,raygs,triangles,1,off,0,on,-4,550.9500,570.1780,1.8151,1.7432,0.3182,1.2153,45.8487,1593376,94.5000,100.0000,2505.0556,2628.0000,212.5250,230.1400
room_triangles_raygs_1920x1080_msaa-off_mip-0_0_20260618-114730_cam-223_dolly-0_0,room,1920x1080,raygs,triangles,1,off,0,on,-4,732.5253,757.1450,1.3652,1.3000,0.1886,0.9526,27.8590,1593376,94.5000,100.0000,2505.0556,2628.0000,217.4106,231.0400
room_triangles_raygs_1920x1080_msaa-off_mip-0_0_20260618-114749_cam-259_dolly-0_0,room,1920x1080,raygs,triangles,1,off,0,on,-4,686.5632,706.0360,1.4566,1.4014,0.2152,1.0265,27.4562,1593376,94.5000,100.0000,2505.0556,2628.0000,216.8439,232.2100
room_triangles_raygs_1920x1080_msaa-off_mip-0_0_20260618-114807_cam-268_dolly-0_0,room,1920x1080,raygs,triangles,1,off,0,on,-4,814.8374,840.4720,1.2274,1.1824,0.1189,0.9139,14.1743,1593376,94.5556,100.0000,2503.6667,2628.0000,206.2100,221.3300
room_triangles_raygs_1920x1080_msaa-off_mip-0_0_20260618-114825_cam-273_dolly-0_0,room,1920x1080,raygs,triangles,1,off,0,on,-4,910.0841,932.3450,1.0989,1.0411,0.0562,0.8534,8.0606,1593376,92.3333,100.0000,2505.0000,2628.0000,211.6283,223.4800
room_triangles_raygs_1920x1080_msaa-off_mip-0_0_20260618-114843_cam-286_dolly-0_0,room,1920x1080,raygs,triangles,1,off,0,on,-4,767.8841,793.4800,1.3024,1.2403,0.1755,0.9084,24.8034,1593376,94.9444,100.0000,2505.0556,2628.0000,212.9256,226.0400
room_triangles_raygs_1920x1080_msaa-off_mip-0_0_20260618-114901_cam-309_dolly-0_0,room,1920x1080,raygs,triangles,1,off,0,on,-4,963.3959,992.2890,1.0381,0.9916,0.1174,0.7271,14.6889,1593376,94.9444,100.0000,2504.6667,2627.0000,209.0844,222.2500
truck_triangles_gs_1920x1080_msaa-off_mip-0_0_20260618-120506_cam-41_dolly-0_0,truck,1920x1080,gs,triangles,1,off,0,on,-4,532.7325,551.1980,1.8772,1.8066,0.4485,1.0752,44.2987,2541226,94.3889,100.0000,2503.2222,2628.0000,206.7889,227.9200
truck_triangles_gs_1920x1080_msaa-off_mip-0_0_20260618-120524_cam-78_dolly-0_0,truck,1920x1080,gs,triangles,1,off,0,on,-4,446.1145,460.7270,2.2416,2.1521,0.4693,1.4080,46.6417,2541226,91.9444,100.0000,2504.1667,2627.0000,208.2361,225.7600
truck_triangles_gs_1920x1080_msaa-off_mip-0_0_20260618-120542_cam-134_dolly-0_0,truck,1920x1080,gs,triangles,1,off,0,on,-4,583.1017,599.9260,1.7150,1.6619,0.4799,0.8936,48.3397,2541226,94.6667,100.0000,2513.1111,2636.0000,220.7606,234.4700
truck_triangles_gs_1920x1080_msaa-off_mip-0_0_20260618-120600_cam-136_dolly-0_0,truck,1920x1080,gs,triangles,1,off,0,on,-4,582.7576,602.1770,1.7161,1.6644,0.4767,0.8978,47.9316,2541226,94.9444,100.0000,2503.9444,2627.0000,218.7794,233.3100
truck_triangles_gs_1920x1080_msaa-off_mip-0_0_20260618-120618_cam-143_dolly-0_0,truck,1920x1080,gs,triangles,1,off,0,on,-4,589.0961,609.0080,1.6976,1.6353,0.4450,0.9091,45.4130,2541226,94.6111,100.0000,2511.1667,2633.0000,215.1850,231.6200
truck_triangles_gs_1920x1080_msaa-off_mip-0_0_20260618-120636_cam-154_dolly-0_0,truck,1920x1080,gs,triangles,1,off,0,on,-4,485.9614,501.5250,2.0578,1.9843,0.4041,1.3114,38.5520,2541226,94.6111,100.0000,2504.5556,2627.0000,205.3983,221.9000
truck_triangles_gs_1920x1080_msaa-off_mip-0_0_20260618-120654_cam-157_dolly-0_0,truck,1920x1080,gs,triangles,1,off,0,on,-4,549.0935,566.0810,1.8212,1.7582,0.3979,1.1184,35.8819,2541226,94.5000,100.0000,2503.8889,2626.0000,209.6072,222.5100
truck_triangles_gs_1920x1080_msaa-off_mip-0_0_20260618-120712_cam-179_dolly-0_0,truck,1920x1080,gs,triangles,1,off,0,on,-4,507.2528,525.1180,1.9715,1.9063,0.3733,1.2839,35.1547,2541226,94.4444,100.0000,2503.8889,2626.0000,209.3717,222.3200
truck_triangles_gs_1920x1080_msaa-off_mip-0_0_20260618-120731_cam-191_dolly-0_0,truck,1920x1080,gs,triangles,1,off,0,on,-4,576.1004,594.3870,1.7359,1.6680,0.3950,1.0085,38.5430,2541226,94.5556,100.0000,2510.4444,2633.0000,211.1867,225.6800
truck_triangles_gs_1920x1080_msaa-off_mip-0_0_20260618-120749_cam-240_dolly-0_0,truck,1920x1080,gs,triangles,1,off,0,on,-4,442.3160,455.9760,2.2609,2.1705,0.4024,1.5068,38.5631,2541226,94.6667,100.0000,2504.6111,2629.0000,207.0961,223.3300
truck_triangles_raygs_1920x1080_msaa-off_mip-0_0_20260618-120807_cam-41_dolly-0_0,truck,1920x1080,raygs,triangles,1,off,0,on,-4,530.9105,547.7860,1.8836,1.8127,0.4844,1.0498,44.2987,2541226,92.3889,100.0000,2503.1667,2627.0000,228.2367,248.8300
truck_triangles_raygs_1920x1080_msaa-off_mip-0_0_20260618-120825_cam-78_dolly-0_0,truck,1920x1080,raygs,triangles,1,off,0,on,-4,446.3904,460.5630,2.2402,2.1516,0.5030,1.3756,46.6417,2541226,94.5556,100.0000,2505.2222,2629.0000,234.6944,249.7700
truck_triangles_raygs_1920x1080_msaa-off_mip-0_0_20260618-120843_cam-134_dolly-0_0,truck,1920x1080,raygs,triangles,1,off,0,on,-4,568.9926,587.7060,1.7576,1.6945,0.5402,0.8717,48.3397,2541226,94.9444,100.0000,2504.1667,2627.0000,236.9300,253.4500
truck_triangles_raygs_1920x1080_msaa-off_mip-0_0_20260618-120901_cam-136_dolly-0_0,truck,1920x1080,raygs,triangles,1,off,0,on,-4,568.1852,583.0160,1.7601,1.7025,0.5470,0.8760,47.9316,2541226,94.1111,100.0000,2509.4444,2633.0000,233.2878,252.4200
truck_triangles_raygs_1920x1080_msaa-off_mip-0_0_20260618-120919_cam-143_dolly-0_0,truck,1920x1080,raygs,triangles,1,off,0,on,-4,577.8880,596.3970,1.7306,1.6629,0.4895,0.8902,45.4130,2541226,94.5556,100.0000,2513.6667,2636.0000,232.4928,252.1800
truck_triangles_raygs_1920x1080_msaa-off_mip-0_0_20260618-120937_cam-154_dolly-0_0,truck,1920x1080,raygs,triangles,1,off,0,on,-4,489.1534,505.1870,2.0444,1.9711,0.4337,1.2742,38.5520,2541226,94.5000,100.0000,2504.1667,2627.0000,229.7344,244.1000
truck_triangles_raygs_1920x1080_msaa-off_mip-0_0_20260618-120956_cam-157_dolly-0_0,truck,1920x1080,raygs,triangles,1,off,0,on,-4,551.6721,568.1210,1.8128,1.7446,0.4176,1.0860,35.8819,2541226,94.5000,100.0000,2509.7222,2633.0000,229.3644,245.8200
truck_triangles_raygs_1920x1080_msaa-off_mip-0_0_20260618-121014_cam-179_dolly-0_0,truck,1920x1080,raygs,triangles,1,off,0,on,-4,508.1203,524.9850,1.9681,1.8941,0.3983,1.2502,35.1547,2541226,94.4444,100.0000,2504.1667,2627.0000,227.5594,246.0600
truck_triangles_raygs_1920x1080_msaa-off_mip-0_0_20260618-121032_cam-191_dolly-0_0,truck,1920x1080,raygs,triangles,1,off,0,on,-4,575.6354,594.0680,1.7373,1.6785,0.4354,0.9814,38.5430,2541226,91.6111,100.0000,2504.1667,2627.0000,228.1500,247.8600
truck_triangles_raygs_1920x1080_msaa-off_mip-0_0_20260618-121050_cam-240_dolly-0_0,truck,1920x1080,raygs,triangles,1,off,0,on,-4,444.8976,459.4440,2.2477,2.1577,0.4265,1.4707,38.5631,2541226,94.5556,100.0000,2504.1667,2627.0000,231.1511,245.4500
